{
  "name": "l_hand_JNT",
  "posX": 0.13268439471721649,
  "posY": 0.9122612476348877,
  "posZ": 0.079142630100250244
}