{
  "name": "l_hand_JNT",
  "posX": 0.1326843649148941,
  "posY": 0.85362273454666138,
  "posZ": 0.055452413856983185
}