{
  "name": "r_hand_JNT",
  "posX": -0.12695710361003876,
  "posY": 0.85842955112457275,
  "posZ": 0.0869438648223877
}