{
  "name": "r_hand_JNT",
  "posX": -0.12695713341236115,
  "posY": 0.89976447820663452,
  "posZ": 0.086943909525871277
}